{
    "type": "APLA",
    "version": "0.8",
    "description": "This document plays a sound in background while Alexa says something.",
    "mainTemplate": {
        "parameters": [
            "payload"
        ],
        "item": {
            "type": "Mixer",
            "description": "The Mixer component plays a set of audio clips at the same time. See docs for more information.",
            "items": [
                {
                            "type": "Speech",
                            "contentType": "SSML",
                            "description": "The Text to Speech.",
                            "content": "<speak>${payload.data.textToSpeech}</speak>"
                },
                {
                    "type": "Audio",
                    "description": "The Audio component plays the provided audio file, such as an MP3 file. See docs for more information.",
                    "source": "${payload.data.audio}",
                     "filter": [
                            {
                                "type": "Volume",
                                "amount": "10%"
                            },
                            {
                                "type": "Trim",
                                "start": 1000,
                                "end": 9000
                            },
                            {
                                "type": "FadeIn",
                                "duration": 2000
                            },
                            {
                                "type": "FadeOut",
                                "duration": 2000
                            }
                    ]
                }
            ]
        }
    }
}